<ItemPools>
	<Pool Name="treasure">
		<Item Name="Metal D6" Weight="0.5" DecreaseBy="1" RemoveOn="0.1"/>
		<Item Name="Collector's Coin" Weight="1" DecreaseBy="1" RemoveOn="0.1"/>
		<Item Name="Chemical X" Weight="1" DecreaseBy="1" RemoveOn="0.1"/>
		<Item Name="The Feet" Weight="1" DecreaseBy="1" RemoveOn="0.1"/>
		<Item Name="Ban Hammer" Weight="1" DecreaseBy="1" RemoveOn="0.1"/>
		<Item Name="Dr. Banana" Weight="1" DecreaseBy="1" RemoveOn="0.1"/>
	</Pool>
	<Pool Name="boss">
		<Item Name="Collector's Coin" Weight="1" DecreaseBy="1" RemoveOn="0.1"/>
	</Pool>
	<Pool Name="shop">
		<Item Name="Collector's Coin" Weight="1" DecreaseBy="1" RemoveOn="0.1"/>
		<Item Name="Ban Hammer" Weight="1" DecreaseBy="1" RemoveOn="0.1"/>
	</Pool>
	<Pool Name="devil">
		<Item Name="Dr. Banana" Weight="1" DecreaseBy="1" RemoveOn="0.1"/>
		<Item Name="Chemical X" Weight="1" DecreaseBy="1" RemoveOn="0.1"/>
	</Pool>
	<Pool Name="angel">
		<Item Name="Dr. Banana" Weight="1" DecreaseBy="1" RemoveOn="0.1"/>
	</Pool>
	<Pool Name="secret">
		<Item Name="Dr. Banana" Weight="1" DecreaseBy="1" RemoveOn="0.1"/>
	</Pool>
	<Pool Name="challenge">
		<Item Name="Collector's Coin" Weight="1" DecreaseBy="1" RemoveOn="0.1"/>
	</Pool>
	<Pool Name="goldenChest">
		<Item Name="Collector's Coin" Weight="1" DecreaseBy="1" RemoveOn="0.1"/>
		<Item Name="Ban Hammer" Weight="1" DecreaseBy="1" RemoveOn="0.1"/>
		<Item Name="Dr. Banana" Weight="1" DecreaseBy="1" RemoveOn="0.1"/>
	</Pool>
	<Pool Name="redChest">
		<Item Name="Ban Hammer" Weight="1" DecreaseBy="1" RemoveOn="0.1"/>
		<Item Name="Dr. Banana" Weight="1" DecreaseBy="1" RemoveOn="0.1"/>
	</Pool>
	<Pool Name="curse">
		<Item Name="Ban Hammer" Weight="1" DecreaseBy="1" RemoveOn="0.1"/>
	</Pool>
	<Pool Name="beggar">
		<Item Name="The Feet" Weight="1" DecreaseBy="1" RemoveOn="0.1"/>
		<Item Name="Collector's Coin" Weight="1" DecreaseBy="1" RemoveOn="0.1"/>
	</Pool>
	<Pool Name="demonBeggar">
		<Item Name="The Feet" Weight="1" DecreaseBy="1" RemoveOn="0.1"/>
		<Item Name="Ban Hammer" Weight="1" DecreaseBy="1" RemoveOn="0.1"/>
	</Pool>
	<Pool Name="keyMaster">
		<Item Name="The Feet" Weight="1" DecreaseBy="1" RemoveOn="0.1"/>
		<Item Name="Collector's Coin" Weight="1" DecreaseBy="1" RemoveOn="0.1"/>
	</Pool>
	<Pool Name="dungeon">
		<Item Name="Collector's Coin" Weight="1" DecreaseBy="1" RemoveOn="0.1"/>
	</Pool>
	<Pool Name="bombBum">
		<Item Name="The Feet" Weight="1" DecreaseBy="1" RemoveOn="0.1"/>
	</Pool>
	
</ItemPools>
